split,num_examples,prompt_tokens_min,prompt_tokens_max,prompt_tokens_mean,prompt_tokens_median,prompt_tokens_std,response_w_tokens_min,response_w_tokens_max,response_w_tokens_mean,response_w_tokens_median,response_w_tokens_std,response_l_tokens_min,response_l_tokens_max,response_l_tokens_mean,response_l_tokens_median,response_l_tokens_std,prompt_chars_min,prompt_chars_max,prompt_chars_mean,prompt_chars_median,prompt_chars_std,response_w_chars_min,response_w_chars_max,response_w_chars_mean,response_w_chars_median,response_w_chars_std,response_l_chars_min,response_l_chars_max,response_l_chars_mean,response_l_chars_median,response_l_chars_std
train,9810,11.0,1865.0,186.44495412844037,85.0,234.50139022151572,23.0,512.0,305.5803261977574,290.0,156.16940186801014,34.0,512.0,368.60489296636086,384.0,135.70451972320814,22.0,7938.0,761.8402650356779,306.0,1017.7802378250263,10.0,4947.0,732.5187563710499,476.0,768.9799955409661,12.0,7949.0,1086.8358817533128,900.0,795.1817366288384
val,1226,12.0,1759.0,190.1451876019576,84.0,253.21122944742476,24.0,512.0,307.90619902120716,297.5,156.5674734618839,55.0,512.0,372.1778140293638,398.0,134.37025870550863,23.0,7860.0,780.9078303425775,307.0,1119.1692825582209,10.0,4334.0,760.8939641109298,516.0,782.7006839767438,11.0,5180.0,1093.4510603588908,938.5,775.5517215036407
test,1227,11.0,1666.0,186.2159739201304,88.0,221.9780449926756,18.0,512.0,309.90709046454765,295.0,158.57906485780524,45.0,512.0,369.1760391198044,383.0,135.77140520264567,23.0,7390.0,760.1768541157294,322.0,967.0223803646143,10.0,4265.0,740.242053789731,449.0,820.7492328769815,31.0,5167.0,1069.641401792991,854.0,795.7682720497022
