policy_loss,value_loss,kl_div,total_loss,reward,epoch
-0.496120679283049,0.758792115598917,0.05013430498824164,-0.4177347511373227,1.0144457244873046,0
