{
  "eval_loss": 0.2990253269672394,
  "eval_runtime": 155.3046,
  "eval_samples_per_second": 7.894,
  "eval_steps_per_second": 0.496,
  "eval_rewards/chosen": -1.1511203050613403,
  "eval_rewards/rejected": -2.7244279384613037,
  "eval_rewards/accuracies": 0.9272727370262146,
  "eval_rewards/margins": 1.5733075141906738,
  "eval_logps/chosen": -386.3572998046875,
  "eval_logps/rejected": -483.47686767578125,
  "eval_logits/chosen": 6.167160511016846,
  "eval_logits/rejected": 5.838801383972168,
  "epoch": 1.0
}