{
  "kl_mean": -0.30738543629646303,
  "kl_std": 0.0837642823111851,
  "kl_min": -0.5393481254577637,
  "kl_max": -0.08189836144447327,
  "kl_median": -0.29809342324733734,
  "num_samples": 100
}