{
  "perplexity": 16.749900828956324,
  "avg_loss": 2.8183923375942244,
  "num_examples": 1000,
  "total_tokens": 306664
}