policy_loss,value_loss,kl_div,total_loss,reward,epoch
-9.39611399769783,142.71840122818946,0.05133634219222585,4.878293157890439,97.47053867340088,0
